City_ID,City,Country,Lat,Lng,Max Temp,Humidity,Cloudiness,Wind Speed,Current Description
0,Butaritari,KI,3.0707,172.7902,82.45,74,38,7.49,light rain
1,Westport,US,41.1415,-73.3579,86.18,57,1,11.61,clear sky
2,Busselton,AU,-33.65,115.3333,59.09,84,100,10.25,overcast clouds
3,Ushuaia,AR,-54.8,-68.3,31.66,93,0,4.61,clear sky
4,Bluff,NZ,-46.6,168.3333,49.8,71,74,5.77,broken clouds
5,Narsaq,GL,60.9167,-46.05,46.62,79,100,6.69,overcast clouds
6,Shimoda,JP,34.6667,138.95,68.36,94,100,5.06,light rain
7,Saint-Joseph,RE,-21.3667,55.6167,71.47,84,35,1.97,light rain
8,Rikitea,PF,-23.1203,-134.9692,76.12,79,8,13.02,clear sky
9,Port Elizabeth,ZA,-33.918,25.5701,53.89,82,0,9.22,clear sky
10,Barrow,US,71.2906,-156.7887,33.82,86,75,10.36,broken clouds
11,Polunochnoye,RU,60.8697,60.4153,64.49,48,37,8.3,scattered clouds
12,Ilhabela,BR,-23.7781,-45.3581,70.52,68,0,3.36,clear sky
13,Jos,NG,9.9167,8.9,68.63,85,88,3.22,overcast clouds
14,Bela Vista,BR,-22.1089,-56.5211,77.7,34,100,4.63,overcast clouds
15,Kelme,LT,55.6339,22.9342,51.82,77,27,5.93,scattered clouds
16,Vardo,NO,70.3705,31.1107,41.45,72,41,13.44,scattered clouds
17,Huilong,CN,31.8111,121.655,82.98,56,0,9.89,clear sky
18,Clyde River,CA,70.4692,-68.5914,32.23,100,90,16.11,light snow
19,Castro,BR,-24.7911,-50.0119,58.46,81,100,3.44,overcast clouds
20,Bethel,US,41.3712,-73.414,83.8,65,1,5.75,clear sky
21,Kasempa,ZM,-13.4584,25.8338,54.39,68,100,8.59,overcast clouds
22,Bathsheba,BB,13.2167,-59.5167,81.21,69,40,17.05,scattered clouds
23,Kapaa,US,22.0752,-159.319,87.78,68,20,3.0,few clouds
24,Arraial Do Cabo,BR,-22.9661,-42.0278,73.4,87,0,21.77,clear sky
25,Lorengau,PG,-2.0226,147.2712,78.75,88,100,7.14,overcast clouds
26,Carnarvon,AU,-24.8667,113.6333,64.47,68,75,6.91,broken clouds
27,Port Lincoln,AU,-34.7333,135.8667,62.15,71,62,16.15,broken clouds
28,Belyy Yar,RU,53.6039,91.3903,48.09,81,0,15.57,clear sky
29,Avarua,CK,-21.2078,-159.775,77.05,69,20,10.36,few clouds
30,Namibe,AO,-15.1961,12.1522,71.29,59,38,3.0,scattered clouds
31,Vaini,TO,-21.2,-175.2,78.96,69,40,2.3,scattered clouds
32,Marsa Matruh,EG,31.3525,27.2453,69.53,61,0,12.84,clear sky
33,Louis Trichardt,ZA,-23.0439,29.9032,44.11,90,11,3.8,few clouds
34,Cape Town,ZA,-33.9258,18.4232,61.12,37,12,6.02,few clouds
35,Charters Towers,AU,-20.1,146.2667,66.88,34,77,8.34,broken clouds
36,La Ronge,CA,55.1001,-105.2842,70.05,40,90,6.91,overcast clouds
37,Kruisfontein,ZA,-34.0033,24.7314,51.48,29,0,7.52,clear sky
38,Vao,NC,-22.6667,167.4833,71.49,64,27,19.98,scattered clouds
39,Hobart,AU,-42.8794,147.3294,52.27,70,75,1.01,broken clouds
40,Kuala Kedah,MY,6.1,100.3,82.38,89,20,4.63,few clouds
41,Iralaya,HN,15.0,-83.2333,80.51,82,6,9.82,clear sky
42,Sabang,ID,5.8933,95.3214,82.33,75,94,13.6,overcast clouds
43,Richards Bay,ZA,-28.783,32.0377,61.45,83,97,2.75,overcast clouds
44,Ak-Dovurak,RU,51.1833,90.6,49.48,40,99,6.98,overcast clouds
45,Georgetown,MY,5.4112,100.3354,84.13,88,20,2.3,few clouds
46,Hambantota,LK,6.1241,81.1185,78.85,85,95,13.09,overcast clouds
47,Port Hawkesbury,CA,45.6169,-61.3485,70.72,75,1,10.36,clear sky
48,Nakhon Si Thammarat,TH,8.25,100.0,86.0,76,100,4.07,overcast clouds
49,Huarmey,PE,-10.0681,-78.1522,64.9,85,25,9.37,scattered clouds
50,Ayagoz,KZ,47.9714,80.4392,50.68,51,0,14.05,clear sky
51,Sfantu Gheorghe,RO,45.8667,25.7833,54.82,96,88,2.06,overcast clouds
52,Ndioum,SN,16.5129,-14.6471,92.66,26,8,11.12,clear sky
53,Naze,JP,28.3667,129.4833,70.0,95,100,1.66,light rain
54,Shiyan,CN,32.6475,110.7781,83.5,53,6,3.83,clear sky
55,Aasiaat,GL,68.7098,-52.8699,38.26,88,100,15.68,overcast clouds
56,Paamiut,GL,61.994,-49.6678,39.52,94,100,11.03,light rain
57,Mataura,NZ,-46.1927,168.8643,49.48,74,9,1.57,clear sky
58,Chokurdakh,RU,70.6333,147.9167,43.77,66,100,18.63,overcast clouds
59,Kodiak,US,57.79,-152.4072,62.11,36,1,24.16,clear sky
60,Vostok,RU,46.4856,135.8833,52.52,90,100,1.7,light rain
61,Atuona,PF,-9.8,-139.0333,79.21,70,7,15.23,clear sky
62,Puerto Ayora,EC,-0.7393,-90.3518,73.54,90,13,1.99,few clouds
63,Abalak,RU,58.1286,68.5944,61.07,57,49,9.95,scattered clouds
64,Port Alfred,ZA,-33.5906,26.891,56.82,63,0,12.64,clear sky
65,Maniitsoq,GL,65.4167,-52.9,39.04,95,100,11.18,light rain
66,Kristiansund,NO,63.1115,7.732,59.05,94,90,4.61,light rain
67,Hermanus,ZA,-34.4187,19.2345,60.91,44,7,8.59,clear sky
68,Iqaluit,CA,63.7506,-68.5145,31.73,93,90,8.01,overcast clouds
69,Torbay,CA,47.6666,-52.7314,54.28,97,100,1.99,overcast clouds
70,East London,ZA,-33.0153,27.9116,56.62,65,0,12.06,clear sky
71,Hilo,US,19.7297,-155.09,82.27,70,75,11.5,broken clouds
72,Lagoa,PT,39.05,-27.9833,63.16,86,97,7.34,overcast clouds
73,Beatrice,US,40.2681,-96.747,83.84,42,1,12.66,clear sky
74,Hualmay,PE,-11.0964,-77.6139,64.0,83,26,8.88,scattered clouds
75,New Norfolk,AU,-42.7826,147.0587,51.93,68,100,1.99,overcast clouds
76,Whithorn,JM,18.2604,-78.0378,79.86,91,19,1.63,few clouds
77,Sambava,MG,-14.2667,50.1667,73.8,87,94,4.34,overcast clouds
78,Ahipara,NZ,-35.1667,173.1667,58.53,90,100,16.82,light rain
79,Ribeira Grande,PT,38.5167,-28.7,64.58,86,100,7.9,overcast clouds
80,Manadhoo,MV,5.7667,73.3833,82.92,74,100,15.93,light rain
81,Xuddur,SO,4.1213,43.8894,71.89,80,49,14.92,scattered clouds
82,Albany,US,42.6001,-73.9662,79.45,66,6,9.62,clear sky
83,Lebu,CL,-37.6167,-73.65,49.87,77,100,12.33,overcast clouds
84,Muros,ES,42.7762,-9.0603,60.24,83,13,9.4,few clouds
85,Zalesovo,RU,53.9939,84.7431,50.59,87,100,9.69,overcast clouds
86,Alyangula,AU,-13.8483,136.4192,80.47,61,40,13.94,scattered clouds
87,Saint-Philippe,RE,-21.3585,55.7679,72.48,85,58,2.98,light rain
88,Khawhai,IN,23.3667,93.1167,63.16,95,76,1.52,broken clouds
89,Paita,PE,-5.0892,-81.1144,68.07,82,42,14.47,scattered clouds
90,Anadyr,RU,64.75,177.4833,50.5,66,0,12.5,clear sky
91,Banda Aceh,ID,5.5577,95.3222,80.89,77,40,9.19,scattered clouds
92,Mahebourg,MU,-20.4081,57.7,68.29,88,20,8.05,few clouds
93,Palmer,US,42.1584,-72.3287,81.95,67,75,7.31,broken clouds
94,Petropavlovsk-Kamchatskiy,RU,53.0452,158.6483,41.59,93,90,16.67,light rain
95,The Valley,AI,18.217,-63.0578,81.1,76,100,20.74,overcast clouds
96,Kloulklubed,PW,7.0419,134.2556,84.7,78,83,5.93,broken clouds
97,Tautira,PF,-17.7333,-149.15,86.02,81,17,15.93,few clouds
98,Labuhan,ID,-6.8844,112.2051,81.63,76,11,5.84,few clouds
99,Huanren,CN,41.2647,125.3667,63.21,79,97,3.49,overcast clouds
100,Mount Isa,AU,-20.7333,139.5,69.57,30,0,13.8,clear sky
101,Alofi,NU,-19.0595,-169.9187,78.69,65,90,12.66,overcast clouds
102,Norman Wells,CA,65.282,-126.8329,51.84,66,90,17.27,light rain
103,Gambissara,SN,13.2382,-14.3108,82.98,59,100,10.74,overcast clouds
104,Vagur,FO,61.4732,-6.8119,48.63,93,100,11.92,overcast clouds
105,Fortuna,US,40.5982,-124.1573,67.19,67,20,14.0,few clouds
106,Vila Velha,BR,-20.3297,-40.2925,71.55,93,90,3.0,overcast clouds
107,Kidal,ML,18.4411,1.4078,94.53,12,91,8.63,overcast clouds
108,Birjand,IR,32.8663,59.2211,68.47,18,0,6.91,clear sky
109,Codrington,AU,-38.2667,141.9667,57.79,86,100,15.23,overcast clouds
110,Palauig,PH,15.435,119.9045,84.42,72,100,5.41,moderate rain
111,El Paso,US,31.8001,-106.2005,94.66,10,75,28.36,broken clouds
112,Puerto Cabezas,NI,14.0351,-83.3888,79.25,84,19,7.65,few clouds
113,Asau,RO,46.4333,26.4,56.75,97,60,4.09,broken clouds
114,Punta Arenas,CL,-53.15,-70.9167,35.71,87,0,6.76,clear sky
115,Mattru,SL,7.6244,-11.8332,74.5,96,100,2.04,overcast clouds
116,Plettenberg Bay,ZA,-34.0527,23.3716,59.4,28,0,6.87,clear sky
117,Kahului,US,20.8947,-156.47,86.02,64,40,25.32,scattered clouds
118,Faanui,PF,-16.4833,-151.75,80.76,73,13,10.54,few clouds
119,Tasiilaq,GL,65.6145,-37.6368,42.96,98,100,3.74,overcast clouds
120,Jamestown,US,42.097,-79.2353,74.52,60,1,5.75,clear sky
121,Petropavlovka,RU,50.6114,105.3196,66.09,66,38,10.33,scattered clouds
122,Alta Floresta,BR,-9.8756,-56.0861,73.98,68,100,2.82,overcast clouds
123,Kaitangata,NZ,-46.2817,169.8464,52.93,66,100,2.8,overcast clouds
124,Aklavik,CA,68.2191,-135.0107,47.12,74,96,10.58,overcast clouds
125,Storforshei,NO,66.4043,14.5233,50.67,68,0,4.85,clear sky
126,Chalon-Sur-Saone,FR,46.7833,4.85,60.39,97,34,4.63,scattered clouds
127,Emba,KZ,48.8264,58.1442,58.46,47,92,14.03,overcast clouds
128,Port Antonio,JM,18.18,-76.4612,84.11,84,3,10.07,clear sky
129,Daru,PG,-9.0763,143.2092,79.09,89,78,15.57,broken clouds
130,Nanzhang,CN,31.7765,111.8386,84.67,49,0,3.27,clear sky
131,Horsham,GB,51.064,-0.3272,59.02,87,0,2.93,clear sky
132,Cherskiy,RU,68.75,161.3,70.11,27,47,22.73,scattered clouds
133,Mar Del Plata,AR,-38.0023,-57.5575,49.12,56,0,8.01,clear sky
134,Isangel,VU,-19.55,169.2667,77.68,75,100,12.41,overcast clouds
135,Micheweni,TZ,-4.9667,39.8333,77.72,78,25,16.87,scattered clouds
136,Serrana,BR,-21.2114,-47.5956,71.55,53,15,2.51,few clouds
137,Lodwar,KE,3.1191,35.5973,82.83,45,100,15.97,overcast clouds
138,Bengkulu,ID,-3.8004,102.2655,77.18,90,15,2.95,few clouds
139,Christchurch,NZ,-43.5333,172.6333,52.92,90,75,4.0,broken clouds
140,Katsuura,JP,35.1333,140.3,73.51,93,100,11.01,overcast clouds
141,Tamandare,BR,-8.7597,-35.1047,75.45,87,20,9.48,few clouds
142,Sao Miguel Do Araguaia,BR,-13.275,-50.1628,80.67,46,100,6.31,overcast clouds
143,Turukhansk,RU,65.8167,87.9833,31.68,83,100,15.32,overcast clouds
144,Pochutla,MX,15.7432,-96.4661,84.81,71,100,5.19,overcast clouds
145,Saldanha,ZA,-33.0117,17.9442,62.17,35,10,12.93,clear sky
146,Khatanga,RU,71.9667,102.5,35.17,77,100,12.3,overcast clouds
147,Barguzin,RU,53.6167,109.6167,67.84,51,41,8.79,scattered clouds
148,Stephenville Crossing,CA,48.5,-58.4318,59.22,94,90,3.44,overcast clouds
149,Kavieng,PG,-2.5744,150.7967,82.9,73,100,3.65,moderate rain
150,Longyearbyen,SJ,78.2186,15.6401,35.44,69,75,12.66,broken clouds
151,San Julian,MX,21.0167,-102.1667,74.57,32,79,6.49,broken clouds
152,Zapolyarnyy,RU,69.4154,30.8136,40.28,69,7,10.38,clear sky
153,Upernavik,GL,72.7868,-56.1549,35.82,85,6,4.25,clear sky
154,Yellowknife,CA,62.456,-114.3525,64.92,45,40,12.66,scattered clouds
155,Saint Anthony,US,45.0205,-93.218,94.62,40,1,3.0,clear sky
156,Sao Felix Do Xingu,BR,-6.6447,-51.995,75.76,73,43,2.75,scattered clouds
157,Mount Gambier,AU,-37.8333,140.7667,60.71,88,75,18.41,broken clouds
158,Hukuntsi,BW,-24.0,21.75,45.14,60,0,11.43,clear sky
159,Ponta Do Sol,PT,32.6667,-17.1,67.01,74,54,4.45,broken clouds
160,Bilibino,RU,68.0546,166.4372,69.26,31,81,9.13,broken clouds
161,Kushiro,JP,42.975,144.3747,67.15,55,0,15.17,clear sky
162,Uberaba,BR,-19.7483,-47.9319,72.18,56,0,5.75,clear sky
163,Beringovskiy,RU,63.05,179.3167,37.94,89,100,1.9,overcast clouds
164,Airai,TL,-8.9266,125.4092,67.68,68,66,3.15,broken clouds
165,Hay River,CA,60.8156,-115.7999,57.18,67,75,8.05,broken clouds
166,Severo-Kurilsk,RU,50.6789,156.125,44.71,92,70,14.36,broken clouds
167,Gien,FR,47.6933,2.6309,53.55,94,0,4.88,clear sky
168,Gushikawa,JP,26.3544,127.8686,83.79,81,40,19.19,scattered clouds
169,Waddan,LY,29.1614,16.139,70.95,32,1,7.99,clear sky
170,Meulaboh,ID,4.1363,96.1285,76.14,81,100,4.41,overcast clouds
171,Dikson,RU,73.5069,80.5464,30.76,96,100,11.95,overcast clouds
172,Nome,US,64.5011,-165.4064,34.16,93,90,17.27,light snow
173,Qianguo,CN,45.1171,124.8568,62.24,64,72,5.35,broken clouds
174,Warri,NG,5.5167,5.75,74.23,97,72,2.86,broken clouds
175,Bredasdorp,ZA,-34.5322,20.0403,45.72,87,0,4.72,clear sky
176,Innisfail,AU,-17.5333,146.0333,71.51,66,100,10.89,overcast clouds
177,Tuktoyaktuk,CA,69.4541,-133.0374,34.61,80,24,11.63,few clouds
178,Cabadiangan,PH,9.7531,122.4739,80.42,82,93,6.76,overcast clouds
179,Campo Verde,BR,-20.4167,-54.0667,70.81,33,93,1.95,overcast clouds
180,Esperance,AU,-33.8667,121.9,57.04,59,8,17.43,clear sky
181,Sokoto,NG,13.0609,5.239,85.19,48,24,14.29,few clouds
182,Mogadishu,SO,2.0371,45.3438,79.34,81,90,14.85,overcast clouds
183,Strezhevoy,RU,60.7333,77.5889,53.58,61,99,1.52,overcast clouds
184,Saint-Augustin,CA,51.226,-58.6502,48.45,97,100,12.26,overcast clouds
185,Bodmin,GB,50.4715,-4.7243,56.84,100,75,2.28,broken clouds
186,Caravelas,BR,-17.7125,-39.2481,72.45,91,5,6.87,clear sky
187,Stratford,US,41.1845,-73.1332,85.26,61,1,6.91,clear sky
188,Kimbe,PG,-5.5502,150.1429,89.74,56,15,2.59,few clouds
189,Nikolskoye,RU,59.7035,30.7861,53.49,65,100,3.96,overcast clouds
190,Souillac,MU,-20.5167,57.5167,68.38,88,20,2.75,few clouds
191,Aswan,EG,24.0934,32.907,77.95,28,4,11.5,clear sky
192,Pevek,RU,69.7008,170.3133,46.08,74,39,10.51,scattered clouds
193,Prado,BR,-17.3411,-39.2208,72.73,90,31,7.99,scattered clouds
194,Dwarka,IN,22.2394,68.9678,84.7,68,0,10.16,clear sky
195,Along,IN,28.1667,94.7667,71.26,97,100,1.54,overcast clouds
196,Geraldton,AU,-28.7667,114.6,55.13,76,0,6.93,clear sky
197,Havoysund,NO,70.9963,24.6622,41.88,82,15,16.64,few clouds
198,Sobolevo,RU,54.4299,31.8996,53.44,69,80,3.53,light rain
199,San,ML,13.3034,-4.8956,90.84,29,35,13.71,scattered clouds
200,Goundam,ML,16.4145,-3.6708,93.94,18,0,7.61,clear sky
201,Thompson,CA,55.7435,-97.8558,55.56,94,90,6.91,overcast clouds
202,Itanhaem,BR,-24.1831,-46.7889,79.25,71,48,4.94,scattered clouds
203,Leningradskiy,RU,69.3833,178.4167,37.09,93,100,12.57,overcast clouds
204,Vila Franca Do Campo,PT,37.7167,-25.4333,59.41,87,1,0.51,clear sky
205,Manokwari,ID,-0.8667,134.0833,82.27,71,100,4.21,overcast clouds
206,Shiraz,IR,29.6036,52.5388,80.04,11,0,4.61,clear sky
207,Tuatapere,NZ,-46.1333,167.6833,49.82,75,13,1.68,few clouds
208,Melbourne,US,28.0836,-80.6081,80.98,81,1,12.66,clear sky
209,Pertuis,FR,43.6925,5.5028,64.47,81,85,2.44,overcast clouds
210,Hasaki,JP,35.7333,140.8333,73.69,74,100,6.93,light rain
211,Nuuk,GL,64.1835,-51.7216,43.41,75,75,14.97,light rain
212,Itarema,BR,-2.9248,-39.9167,77.41,82,0,10.42,clear sky
213,Stornoway,GB,58.2093,-6.3865,55.92,93,75,10.36,broken clouds
214,Port Hardy,CA,50.6996,-127.4199,51.98,71,75,13.8,broken clouds
215,Bousso,TD,10.4795,16.7117,81.12,58,100,5.61,overcast clouds
216,Bichena,ET,10.45,38.2,58.14,40,36,3.42,scattered clouds
217,Balingasay,PH,16.3573,119.8564,84.56,72,100,9.93,light rain
218,Qaanaaq,GL,77.484,-69.3632,36.54,75,93,5.75,overcast clouds
219,Cabo San Lucas,MX,22.8909,-109.9124,96.8,29,1,17.27,clear sky
220,Hithadhoo,MV,-0.6,73.0833,82.92,73,99,13.42,overcast clouds
221,Sovetskiy,RU,61.3614,63.5842,65.97,49,66,9.31,broken clouds
222,Gamba,GA,-2.65,10.0,75.83,91,100,3.15,overcast clouds
223,Chiapa,MX,18.4669,-96.945,65.82,88,98,1.36,overcast clouds
224,Montrose,US,38.4166,-108.2673,72.97,21,88,8.14,overcast clouds
225,Urucara,BR,-2.5364,-57.76,75.47,94,100,2.3,overcast clouds
226,Whitehorse,CA,60.7161,-135.0538,61.57,36,75,6.91,light rain
227,Srednekolymsk,RU,67.45,153.6833,68.54,29,1,22.1,clear sky
228,Sao Gabriel Da Cachoeira,BR,-0.1303,-67.0892,73.45,97,82,1.92,broken clouds
229,Chuy,UY,-33.6971,-53.4616,55.96,88,100,10.96,overcast clouds
230,Middelburg,ZA,-25.7751,29.4648,40.01,81,0,5.7,clear sky
231,Araouane,ML,18.9048,-3.5265,96.26,7,3,8.97,clear sky
232,Comodoro Rivadavia,AR,-45.8667,-67.5,42.66,65,0,8.05,clear sky
233,Kamaishi,JP,39.2667,141.8833,72.55,57,100,10.45,overcast clouds
234,Smithers,CA,54.7804,-127.1743,55.72,47,75,2.3,broken clouds
235,Qeshm,IR,26.9581,56.2719,87.67,87,45,15.14,scattered clouds
236,Tessalit,ML,20.1986,1.0114,93.29,10,12,8.59,few clouds
237,Cam Ranh,VN,11.9214,109.1591,85.96,70,20,2.3,few clouds
238,Burnie,AU,-41.0667,145.9167,51.84,72,100,5.68,light rain
239,Kyabe,TD,9.4515,18.9449,76.15,75,100,1.41,overcast clouds
240,Bakaly,RU,55.1789,53.8028,50.74,65,7,3.89,clear sky
241,Roseburg,US,43.2165,-123.3417,67.62,42,20,11.5,few clouds
242,Bozoum,CF,6.3193,16.3799,68.18,92,100,2.06,overcast clouds
243,Balkanabat,TM,39.5108,54.3671,73.53,52,0,6.67,clear sky
244,Turkistan,KZ,43.0,68.0,77.25,37,40,14.99,scattered clouds
245,Adrar,MR,20.5022,-10.0711,89.38,13,8,22.12,clear sky
246,Matara,LK,5.9485,80.5353,77.61,89,91,7.09,overcast clouds
247,Tiksi,RU,71.6872,128.8694,42.06,60,85,7.0,overcast clouds
248,Guanambi,BR,-14.2233,-42.7814,68.34,66,9,6.42,clear sky
249,Kiama,AU,-34.6833,150.8667,65.57,52,5,8.99,clear sky
250,Zhigansk,RU,66.7697,123.3711,51.39,44,1,6.55,clear sky
251,Pedernales,DO,18.0384,-71.744,80.46,70,6,12.01,clear sky
252,Prainha,BR,-1.8,-53.48,77.14,79,95,3.4,overcast clouds
253,Mantua,IT,45.1667,10.7833,68.95,93,5,8.34,clear sky
254,Dakoro,NE,14.5106,6.765,86.4,33,11,5.46,few clouds
255,Luderitz,NA,-26.6481,15.1594,69.42,32,0,21.72,clear sky
256,Rocha,UY,-34.4833,-54.3333,49.96,91,100,6.38,overcast clouds
257,Kikwit,CD,-5.041,18.8162,71.98,50,28,3.22,scattered clouds
258,Namatanai,PG,-3.6667,152.4333,84.74,72,72,6.17,broken clouds
259,Saint-Agapit,CA,46.5629,-71.4352,68.04,91,100,8.03,overcast clouds
260,Linares,CL,-35.85,-71.6,46.29,81,100,3.76,overcast clouds
261,Dagana,MR,16.5165,-15.5068,89.98,25,0,8.32,clear sky
262,Chaozhou,CN,23.6651,116.6379,76.86,80,44,3.58,scattered clouds
263,Manono,CD,-7.3,27.4167,74.03,58,56,8.9,broken clouds
264,Matamoros,MX,25.5333,-103.25,93.31,19,40,4.41,scattered clouds
265,North Bend,US,43.4065,-124.2243,60.71,68,40,14.97,scattered clouds
266,Flinders,AU,-34.5833,150.8552,65.37,53,5,1.99,clear sky
267,Barcelona,ES,41.3888,2.159,71.33,71,20,1.01,few clouds
268,Mahibadhoo,MV,3.7833,72.9667,83.21,70,96,15.39,overcast clouds
269,San Patricio,US,28.017,-97.5169,83.12,79,0,9.22,clear sky
270,Inyonga,TZ,-6.7167,32.0667,64.27,66,100,6.85,overcast clouds
271,Yulara,AU,-25.2406,130.9889,60.64,48,0,11.5,clear sky
272,Sitka,US,57.0531,-135.33,55.29,71,75,8.05,light rain
273,Vestmannaeyjar,IS,63.4427,-20.2734,46.99,89,100,19.6,overcast clouds
274,Northam,GB,51.0333,-4.2167,58.39,96,100,3.91,overcast clouds
275,Barinitas,VE,8.7622,-70.4111,76.48,97,100,2.39,overcast clouds
276,Vasylivka,UA,47.4369,35.2742,59.88,86,14,7.11,few clouds
277,Tateyama,JP,34.9833,139.8667,73.42,88,75,5.75,broken clouds
278,Ilulissat,GL,69.2167,-51.1,42.82,70,11,10.36,few clouds
279,San Ramon,US,37.7799,-121.978,91.38,46,1,8.01,clear sky
280,Biloela,AU,-24.4167,150.5,67.55,32,0,9.22,clear sky
281,Bairnsdale,AU,-37.8333,147.6167,63.07,61,65,1.01,broken clouds
282,Penugonda,IN,16.6667,81.7333,84.58,77,90,3.87,overcast clouds
283,Chapais,CA,49.7834,-74.8492,55.18,70,98,3.91,overcast clouds
284,Nemuro,JP,43.3236,145.575,72.03,80,100,17.11,overcast clouds
285,Rio Gallegos,AR,-51.6226,-69.2181,30.25,80,0,6.91,clear sky
286,Tucupita,VE,9.0622,-62.051,74.25,97,100,4.88,overcast clouds
287,Trairi,BR,-3.2778,-39.2689,76.41,84,4,7.87,clear sky
288,Saint-Francois,FR,46.4154,3.9054,59.18,100,90,2.3,overcast clouds
289,Kysyl-Syr,RU,63.8986,122.7617,56.25,45,100,4.76,overcast clouds
290,Sao Joao Da Barra,BR,-21.6403,-41.0511,72.99,87,0,10.38,clear sky
291,Mahajanga,MG,-15.7167,46.3167,71.62,78,0,3.44,clear sky
292,Matane,CA,48.8286,-67.522,60.22,91,4,2.84,clear sky
293,Kolyshley,RU,52.7005,44.5367,59.13,96,91,10.04,light rain
294,Victoria,HK,22.2855,114.1577,86.32,76,78,1.01,broken clouds
295,Kolokani,ML,13.5728,-8.0339,93.78,19,6,8.79,clear sky
296,Lavrentiya,RU,65.5833,-171.0,36.12,74,96,13.78,overcast clouds
297,San Rafael,AR,-34.6177,-68.3301,50.79,50,99,3.65,overcast clouds
298,Port Blair,IN,11.6667,92.75,84.72,75,100,9.89,heavy intensity rain
299,Buala,SB,-8.145,159.5921,85.24,69,89,7.25,overcast clouds
300,Bandarbeyla,SO,9.4942,50.8122,79.65,79,71,19.22,broken clouds
301,Kjollefjord,NO,70.9457,27.3465,40.5,86,19,16.24,few clouds
302,Wang Saphung,TH,17.301,101.7685,78.82,89,90,2.33,overcast clouds
303,Yalova,TR,40.655,29.2769,60.98,65,0,4.32,clear sky
304,Arkhara,RU,49.4212,130.0842,62.08,63,21,2.3,few clouds
305,Balaka,MW,-14.9793,34.9558,55.92,83,17,7.94,few clouds
306,Solnechnyy,RU,50.7214,136.6319,60.93,54,13,3.29,few clouds
307,Goundi,TD,9.3627,17.366,76.71,75,100,0.98,overcast clouds
308,Linqu,CN,36.5156,118.5397,88.36,24,1,9.57,light rain
309,Uturoa,PF,-16.7333,-151.4333,80.67,74,8,10.76,clear sky
310,Lakes Entrance,AU,-37.8811,147.981,63.18,54,82,6.26,broken clouds
311,Macusani,PE,-14.0833,-70.4333,35.02,88,34,3.65,scattered clouds
312,Nara,JP,34.6851,135.8049,72.5,51,100,4.05,overcast clouds
313,Dudinka,RU,69.4058,86.1778,31.95,95,100,9.82,light snow
314,Hadgaon,IN,19.5,77.6667,76.95,77,100,4.12,overcast clouds
315,Shakawe,BW,-18.3667,21.85,44.56,61,0,5.84,clear sky
316,Cockburn Town,TC,21.4612,-71.1419,80.1,83,0,23.58,clear sky
317,Sola,VU,-13.8833,167.55,79.34,74,91,10.65,overcast clouds
318,Touros,BR,-5.1989,-35.4608,76.1,81,30,12.1,scattered clouds
319,Moose Factory,CA,51.2585,-80.6094,39.2,75,1,5.75,clear sky
320,Megion,RU,61.0296,76.1136,53.62,55,100,3.09,overcast clouds
321,Alice Town,BS,25.7167,-79.3,79.83,82,15,17.27,few clouds
322,Aras,ES,42.5617,-2.356,55.2,94,0,5.79,clear sky
323,Zaraza,VE,9.3503,-65.3245,74.71,92,87,5.7,overcast clouds
324,Tuy Hoa,VN,13.0833,109.3,86.63,65,100,11.77,overcast clouds
325,Moerai,PF,-22.4333,-151.3333,74.08,91,100,7.38,moderate rain
326,Olafsvik,IS,64.8945,-23.7142,48.31,80,79,9.82,broken clouds
327,Siniscola,IT,40.5719,9.6922,67.55,78,100,1.68,overcast clouds
328,Nakapiripirit,UG,1.9167,34.7833,67.51,70,93,1.19,overcast clouds
329,Husavik,IS,66.0449,-17.3389,49.91,83,100,2.26,overcast clouds
330,Orange,US,33.7,-117.7675,88.81,60,40,1.01,scattered clouds
331,Bambous Virieux,MU,-20.3428,57.7575,68.25,88,20,3.33,few clouds
332,Acarau,BR,-2.8856,-40.12,77.27,84,0,10.16,clear sky
333,Sao Filipe,CV,14.8961,-24.4956,77.2,65,100,8.86,overcast clouds
334,Timizart,DZ,36.8,4.2667,65.44,96,95,8.05,overcast clouds
335,Palana,RU,59.1167,159.9667,43.83,88,100,10.58,overcast clouds
336,Walvis Bay,NA,-22.9575,14.5053,78.1,20,0,25.46,clear sky
337,Nizhniy Tsasuchey,RU,50.5167,115.1333,75.38,24,0,10.94,clear sky
338,Sokoni,TZ,-6.4333,39.55,77.97,76,12,23.38,light rain
339,Xinxiang,CN,35.3089,113.8672,88.52,25,0,2.75,clear sky
340,Faya,SA,18.3851,42.4509,66.72,61,0,0.45,clear sky
341,Talara,PE,-4.5772,-81.2719,67.37,86,100,13.58,overcast clouds
342,Beloha,MG,-25.1667,45.05,58.01,80,0,6.04,clear sky
343,San Quintin,MX,30.4833,-115.95,64.98,71,2,9.62,clear sky
344,San Cristobal,VE,7.7669,-72.225,68.18,99,100,2.86,overcast clouds
345,Chagoda,RU,59.164,35.3285,52.72,75,3,1.05,clear sky
346,Buraydah,SA,26.326,43.975,88.25,13,5,10.25,clear sky
347,Troitskoye,RU,52.9821,84.6757,48.88,81,98,7.83,overcast clouds
348,Riyadh,SA,24.6877,46.7219,93.34,16,0,0.0,clear sky
349,Bubaque,GW,11.2833,-15.8333,79.38,84,100,8.14,overcast clouds
350,Elizabeth City,US,36.2946,-76.2511,81.01,86,1,5.75,clear sky
351,Roebourne,AU,-20.7833,117.1333,75.56,56,66,16.17,broken clouds
352,Champerico,GT,14.3,-91.9167,84.34,69,37,6.96,scattered clouds
353,Hlohovec,SK,48.4317,17.8031,66.04,90,97,3.83,overcast clouds
354,Kumluca,TR,36.3703,30.2869,69.66,41,0,6.2,clear sky
355,Filadelfia,US,39.9523,-75.1638,85.01,56,40,4.0,scattered clouds
356,Seoul,KR,37.5683,126.9778,74.59,71,75,4.94,mist
357,San Jeronimito,MX,17.55,-101.3333,84.97,69,56,4.43,broken clouds
358,Karratha,AU,-20.7377,116.8463,75.78,61,84,16.51,broken clouds
359,Saskylakh,RU,71.9167,114.0833,41.22,56,81,9.55,broken clouds
360,Cairns,AU,-16.9167,145.7667,79.11,58,40,16.11,scattered clouds
361,Klaksvik,FO,62.2266,-6.589,49.12,97,100,10.96,overcast clouds
362,Gilbues,BR,-9.8317,-45.3439,73.22,53,56,3.69,broken clouds
363,Allonnes,FR,47.9674,0.1581,57.24,77,0,5.75,clear sky
364,Okato,NZ,-39.2,173.8833,60.42,88,100,13.47,light rain
365,Te Anau,NZ,-45.4167,167.7167,47.23,80,1,0.92,clear sky
366,Utraula,IN,27.3167,82.4167,89.6,38,72,6.04,broken clouds
367,Xiaolan,CN,22.6731,113.2295,84.02,77,0,5.93,clear sky
368,Mahon,ES,39.8885,4.2658,63.16,100,0,8.05,clear sky
369,Port Hedland,AU,-20.3167,118.5667,77.05,31,98,20.71,overcast clouds
370,Santa Maria,BR,-29.6842,-53.8069,61.59,95,100,4.29,moderate rain
371,Lipin Bor,RU,60.2622,37.9763,53.8,81,2,3.02,clear sky
372,Mao,ES,39.8885,4.2658,63.16,100,0,8.05,clear sky
373,Brekstad,NO,63.687,9.6654,55.45,94,75,4.61,mist
374,Nexo,DK,55.0607,15.1306,48.29,68,50,6.13,scattered clouds
375,Grand Gaube,MU,-20.0064,57.6608,68.4,73,80,3.49,broken clouds
376,Chara,RU,56.9064,118.2631,75.09,28,72,5.7,broken clouds
377,Lingdong,CN,46.5669,131.1453,57.16,81,100,4.7,overcast clouds
378,Havre-Saint-Pierre,CA,50.2334,-63.5986,50.36,100,1,0.0,mist
379,Rawson,AR,-43.3002,-65.1023,45.37,56,0,12.03,clear sky
380,Buriti Alegre,BR,-18.14,-49.0403,68.07,56,93,4.12,overcast clouds
381,Kilindoni,TZ,-7.9139,39.6668,78.93,70,56,24.2,light rain
382,Pringsewu,ID,-5.3582,104.9744,78.35,90,16,3.22,few clouds
383,Kandrian,PG,-6.2167,149.55,84.15,75,34,9.91,light rain
384,Baherden,TM,38.4362,57.4316,76.55,47,0,13.62,clear sky
385,Aksu,CN,41.1231,80.2644,78.85,21,78,6.78,broken clouds
386,Kirakira,SB,-10.4544,161.9205,85.26,65,69,5.86,broken clouds
387,Awbari,LY,26.5921,12.7805,80.01,19,0,9.28,clear sky
388,Leshukonskoye,RU,64.8989,45.7622,50.7,74,85,7.52,overcast clouds
389,Najran,SA,17.4924,44.1277,72.25,33,2,7.7,clear sky
390,Bogotol,RU,56.2078,89.5342,48.87,86,100,13.06,overcast clouds
391,Pundaguitan,PH,6.3711,126.1689,82.2,77,98,11.9,light rain
392,Vagay,RU,57.9375,69.0217,61.61,57,42,9.22,scattered clouds
393,Lar,IN,26.2039,83.9717,89.13,50,7,10.51,clear sky
394,Humberto De Campos,BR,-2.5983,-43.4611,75.76,87,1,3.47,clear sky
395,Lydenburg,ZA,-25.0978,30.4597,42.28,94,6,2.77,clear sky
396,Marzuq,YE,14.4,46.4667,75.29,27,16,4.21,few clouds
397,Henties Bay,NA,-22.116,14.2845,77.86,27,0,25.23,clear sky
398,North Platte,US,41.1239,-100.7654,85.89,44,1,8.99,clear sky
399,Kindu,CD,-2.95,25.95,68.49,96,88,1.14,overcast clouds
400,Cap Malheureux,MU,-19.9842,57.6142,68.49,73,73,3.6,broken clouds
401,Port-Gentil,GA,-0.7193,8.7815,79.07,84,100,10.49,light rain
402,Tarko-Sale,RU,64.9225,77.785,42.01,73,10,4.0,clear sky
403,Pisco,PE,-13.7,-76.2167,63.01,82,90,5.75,overcast clouds
404,Simao,CN,22.7886,100.9748,70.5,92,53,2.17,broken clouds
405,Pitimbu,BR,-7.4706,-34.8086,75.79,86,56,10.33,broken clouds
406,Clovis,US,36.8252,-119.7029,98.91,20,40,1.01,scattered clouds
407,Oloron-Sainte-Marie,FR,43.1944,-0.6107,60.73,96,100,1.3,overcast clouds
408,Kalengwa,ZM,-13.4659,25.0027,50.76,76,100,6.13,overcast clouds
409,Nelson Bay,AU,-32.7167,152.15,61.95,59,0,1.99,clear sky
410,Middle Island,US,40.8843,-72.9373,85.15,76,1,5.75,clear sky
411,Gairo,IT,39.8497,9.5047,62.17,71,100,3.49,overcast clouds
412,Lubango,AO,-14.9172,13.4925,54.81,49,11,3.83,few clouds
413,Mayo,US,38.8876,-76.5119,83.57,76,1,8.86,clear sky
414,Yar-Sale,RU,66.8333,70.8333,38.01,78,95,11.95,overcast clouds
415,Ocampo,MX,21.65,-101.5,71.24,28,94,8.21,overcast clouds
416,Gillette,US,44.2911,-105.5022,92.32,14,1,14.97,clear sky
417,Lata,PT,40.1629,-8.3327,59.81,92,0,0.63,clear sky
418,Sur,OM,22.5667,59.5289,86.18,61,16,4.7,few clouds
419,Puerto Maldonado,PE,-12.6,-69.1833,77.29,75,97,0.74,overcast clouds
420,Ketchikan,US,55.3422,-131.6461,49.98,94,100,7.09,moderate rain
421,Burley,US,42.5357,-113.7928,84.11,24,1,8.05,clear sky
422,Ongandjera,NA,-17.8833,15.0667,57.38,30,0,11.88,clear sky
423,Muroto,JP,33.2833,134.15,69.84,78,100,9.78,overcast clouds
424,Hobyo,SO,5.3505,48.5268,77.68,84,79,21.21,broken clouds
425,Zhanaozen,KZ,43.3,52.8,72.43,56,40,24.36,scattered clouds
426,Nanortalik,GL,60.1432,-45.2371,40.98,81,100,5.93,overcast clouds
427,Bogale,MM,16.2833,95.4,84.29,74,100,8.66,overcast clouds
428,Kargasok,RU,59.0556,80.8572,56.16,65,100,6.11,overcast clouds
429,Pontes E Lacerda,BR,-15.2261,-59.3353,73.4,58,96,2.28,overcast clouds
430,Nizhneudinsk,RU,54.9076,99.0276,47.89,82,100,10.13,overcast clouds
431,Santa Rosa,PH,14.3122,121.1114,89.85,68,100,8.37,overcast clouds
432,Rodrigues Alves,BR,-7.738,-72.6509,73.45,95,100,2.48,overcast clouds
433,Koboko,UG,3.4136,30.9599,65.34,89,100,3.98,overcast clouds
434,Nhulunbuy,AU,-12.2333,136.7667,83.01,61,75,16.11,broken clouds
435,Skjervoy,NO,70.0311,20.9714,43.61,82,11,2.44,few clouds
436,Necochea,AR,-38.5473,-58.7368,47.7,82,0,11.03,clear sky
437,Atasu,KZ,48.6814,71.6433,54.0,45,100,11.68,overcast clouds
438,Rivne,UA,50.6231,26.2274,53.83,93,9,6.62,clear sky
439,Yumen,CN,40.2833,97.2,73.83,31,97,15.68,overcast clouds
440,Lidkoping,SE,58.5052,13.1577,55.42,92,100,3.36,overcast clouds
441,Ciudad Bolivar,VE,8.1222,-63.5497,78.06,83,98,13.09,overcast clouds
442,Mandalgovi,MN,45.7625,106.2708,69.58,32,24,11.41,few clouds
443,Los Algarrobos,PA,8.5,-82.4333,82.45,94,40,1.1,scattered clouds
444,Bardiyah,LY,31.7561,25.0865,68.63,69,0,9.06,clear sky
445,Palmas,BR,-10.2128,-48.3603,78.67,69,75,8.05,broken clouds
446,Shelburne,CA,44.0787,-80.2041,75.99,42,100,12.15,overcast clouds
447,Shingu,JP,33.7333,135.9833,67.19,96,100,7.14,light rain
448,Ostrovnoy,RU,68.0531,39.5131,39.69,78,90,12.71,overcast clouds
449,Jutai,BR,-5.1833,-68.9,73.33,97,100,2.21,overcast clouds
450,Pailon,BO,-17.65,-62.75,72.5,67,82,3.74,broken clouds
451,Aniva,RU,46.7144,142.5294,59.11,80,99,9.64,overcast clouds
452,Ahuimanu,US,21.4447,-157.8378,85.71,59,40,13.8,scattered clouds
453,Port Augusta,AU,-32.5,137.7667,64.54,52,99,10.98,overcast clouds
454,Kilinochchi,LK,9.3961,80.3982,79.84,84,100,9.95,overcast clouds
455,Popondetta,PG,-8.7537,148.2534,87.12,61,99,2.1,overcast clouds
456,Yaviza,PA,8.1537,-77.6931,76.1,97,100,0.25,overcast clouds
457,Raga,SS,8.4596,25.678,69.28,96,100,2.37,light rain
458,Cayenne,GF,4.9333,-52.3333,77.09,89,90,8.25,overcast clouds
459,Morvi,IN,22.8167,70.8333,88.05,63,0,10.56,clear sky
460,Vangaindrano,MG,-23.35,47.6,65.16,85,23,12.35,few clouds
461,Mateo,HN,14.0833,-87.3167,77.41,61,20,1.16,few clouds
462,Ballina,AU,-28.8667,153.5667,65.79,65,0,3.67,clear sky
463,Acajutla,SV,13.5928,-89.8275,83.8,80,89,5.66,overcast clouds
464,Zaysan,KZ,47.4667,84.8667,51.64,48,0,12.21,clear sky
465,Ancud,CL,-41.8697,-73.8203,47.23,79,77,4.88,broken clouds
466,Vitim,RU,59.4511,112.5578,48.78,94,100,5.86,light rain
467,Acari,PE,-15.4311,-74.6158,66.31,77,15,3.6,few clouds
468,Kuldur,RU,49.2167,131.6333,57.56,71,100,4.16,overcast clouds
469,Thinadhoo,MV,0.5333,72.9333,82.33,77,100,14.63,overcast clouds
470,Gongzhuling,CN,43.5008,124.8198,61.56,69,86,5.17,overcast clouds
471,Laizhou,CN,37.1717,119.9214,83.17,32,63,11.88,broken clouds
472,Maiduguri,NG,11.8464,13.1603,86.18,46,90,10.8,overcast clouds
473,Verkhoyansk,RU,67.5447,133.385,49.93,51,100,8.05,overcast clouds
474,Vaitape,PF,-16.5167,-151.75,80.76,73,13,10.65,few clouds
475,Oranjestad,AW,12.524,-70.027,82.35,80,20,5.99,few clouds
476,Bobon,PH,12.5246,124.5636,85.26,71,99,6.98,overcast clouds
477,Noumea,NC,-22.2763,166.4572,78.01,99,95,13.91,overcast clouds
478,Madridejos,ES,39.4682,-3.532,58.32,78,93,2.08,overcast clouds
479,Manggar,ID,-2.8833,108.2667,84.31,72,100,7.27,overcast clouds
480,Acapulco,MX,16.8634,-99.8901,85.82,74,75,6.15,broken clouds
481,Hue,VN,16.4667,107.6,84.31,74,40,2.24,scattered clouds
482,Safaga,EG,26.7292,33.9365,79.3,37,2,16.11,clear sky
483,Nisia Floresta,BR,-6.0911,-35.2086,77.38,90,70,7.02,broken clouds
484,Bentonville,US,36.3728,-94.2088,74.01,83,90,1.99,overcast clouds
485,Tomball,US,30.0972,-95.6161,80.58,88,75,6.91,broken clouds
486,Coquimbo,CL,-29.9533,-71.3436,56.93,88,90,0.49,overcast clouds
487,Tranas,SE,58.0372,14.9782,61.83,72,98,2.82,overcast clouds
488,Dicabisagan,PH,17.0818,122.4157,87.3,70,100,4.34,moderate rain
489,Sarangani,PH,5.4033,125.4636,79.99,81,100,7.0,moderate rain
490,Tilichiki,RU,60.4667,166.1,47.84,74,100,5.73,overcast clouds
491,Shenjiamen,CN,29.9576,122.298,71.29,75,13,11.52,few clouds
492,Vestmanna,FO,62.1564,-7.1664,47.32,100,90,7.2,overcast clouds
493,West Bay,KY,19.3667,-81.4167,83.07,83,20,1.99,few clouds
494,Maridi,SS,4.9158,29.4742,66.27,98,98,3.65,light rain
495,Luancheng,CN,37.8792,114.6517,78.96,16,31,8.14,scattered clouds
496,Chlorakas,CY,34.8042,32.4083,65.43,68,0,5.75,clear sky
497,Lakatoro,VU,-16.0999,167.4164,80.67,70,73,4.03,broken clouds
498,Lago Da Pedra,BR,-4.3333,-45.1667,74.32,82,1,2.35,clear sky
499,Kaeo,NZ,-35.1,173.7833,58.06,91,100,16.11,moderate rain
500,Lompoc,US,34.6391,-120.4579,75.02,78,75,13.0,broken clouds
501,Fort Nelson,CA,58.8053,-122.7002,51.39,82,75,12.66,broken clouds
502,Manuk Mangkaw,PH,4.8,119.85,84.24,68,53,3.27,broken clouds
503,Nargana,PA,9.4428,-78.5906,80.82,86,37,3.91,scattered clouds
504,Muli,MV,2.9167,73.5667,83.16,72,28,15.35,scattered clouds
505,Sawtell,AU,-30.3833,153.1,64.42,57,0,9.22,clear sky
506,Tecoanapa,MX,16.5167,-98.75,84.45,70,100,5.57,overcast clouds
507,Kovdor,RU,67.5662,30.4758,45.86,64,0,3.8,clear sky
508,Spilamberto,IT,44.5343,11.0195,67.08,84,0,5.3,clear sky
509,Antofagasta,CL,-23.65,-70.4,60.08,87,39,4.56,scattered clouds
510,Lamar,US,33.6668,-95.5836,80.26,78,1,5.19,clear sky
511,Baoshan,CN,46.5586,131.4244,58.86,73,85,6.38,overcast clouds
512,Kabinda,CD,-6.1333,24.4833,71.47,54,97,5.5,overcast clouds
513,Nchelenge,ZM,-9.3451,28.734,65.57,73,73,9.78,broken clouds
514,Ixtapa,MX,20.7,-105.2,82.22,78,75,11.5,broken clouds
515,Virginia Beach,US,36.8529,-75.978,81.01,79,20,5.75,few clouds
516,Hofn,IS,64.2539,-15.2082,47.01,88,100,5.99,overcast clouds
517,Suibara,JP,37.8333,139.2333,76.86,57,0,3.29,clear sky
518,Gat,IL,31.61,34.7642,67.41,100,0,1.32,clear sky
519,Portland,US,45.5234,-122.6762,63.9,56,75,3.0,broken clouds
520,Lucapa,AO,-8.4192,20.7447,62.58,51,6,4.54,clear sky
521,Tezonapa,MX,18.6092,-96.6917,81.21,63,85,1.45,overcast clouds
522,Pozo Colorado,PY,-23.4923,-58.7972,80.92,36,100,2.66,moderate rain
523,Inhambane,MZ,-23.865,35.3833,63.91,81,37,7.76,light rain
524,Hervey Bay,AU,-25.2986,152.8535,69.91,57,6,4.0,clear sky
525,Gizo,SB,-8.103,156.8419,83.17,75,99,6.26,light rain
526,Hastings,GB,50.8552,0.5729,56.12,84,13,5.23,few clouds
527,Kieta,PG,-6.2167,155.6333,86.32,67,4,7.38,clear sky
528,Egvekinot,RU,66.3167,-179.1667,39.16,68,43,2.55,scattered clouds
529,Yerofey Pavlovich,RU,53.9667,121.9667,71.35,33,7,7.36,clear sky
530,Tual,ID,-5.6667,132.75,80.8,78,18,19.08,few clouds
531,Phalodi,IN,27.1333,72.3667,88.48,53,1,12.08,clear sky
532,Cidreira,BR,-30.1811,-50.2056,65.35,93,100,13.87,light rain
533,Tamiahua,MX,21.2667,-97.45,82.11,76,14,11.25,few clouds
534,Luzon,PH,6.519,126.0941,81.55,80,92,7.58,moderate rain
535,Sabanalarga,CO,10.6296,-74.9206,83.07,87,90,5.93,overcast clouds
536,Broken Hill,AU,-31.95,141.4333,60.51,59,10,9.22,clear sky
537,Melito Di Porto Salvo,IT,37.9222,15.7714,74.55,73,15,6.71,few clouds
538,Kavaratti,IN,10.5669,72.642,82.83,76,99,14.09,overcast clouds
539,Wuda,CN,39.4994,106.7117,81.3,22,100,22.53,light rain
540,Lisakovsk,KZ,52.5369,62.4936,55.08,45,85,5.21,overcast clouds
541,Paracatu,BR,-17.2222,-46.8747,66.9,69,98,1.39,overcast clouds
542,Labrea,BR,-7.2586,-64.7981,80.42,71,100,1.05,moderate rain
543,Marabba,SD,12.35,32.1833,84.83,48,80,8.81,broken clouds
544,Ormara,PK,25.2088,64.6357,83.73,74,93,4.03,overcast clouds
545,Samarai,PG,-10.6167,150.6667,79.2,85,85,16.46,overcast clouds
546,Florence,IT,43.7667,11.25,67.68,89,75,2.3,broken clouds
547,Provideniya,RU,64.3833,-173.3,40.66,66,28,6.29,scattered clouds
548,Tomohon,ID,1.3346,124.8392,81.54,66,63,3.67,broken clouds
549,Mersing,MY,2.4312,103.8405,80.51,94,40,3.44,scattered clouds
550,Kerema,PG,-7.9631,145.7785,81.01,77,72,4.23,broken clouds
551,Salalah,OM,17.0151,54.0924,84.29,84,75,5.75,broken clouds
552,Okha,RU,53.5739,142.9478,35.35,97,100,19.6,light rain
553,Surskoye,RU,54.4821,46.7214,51.35,94,18,4.34,few clouds
554,Sao Jose Da Coroa Grande,BR,-8.8978,-35.1478,75.96,86,13,10.31,few clouds
555,Saint George,US,37.1041,-113.5841,103.62,10,1,4.0,clear sky
556,Kailua,US,21.4022,-157.7394,85.98,64,40,13.8,scattered clouds
557,Yanam,IN,16.7333,82.2167,84.6,85,98,2.28,overcast clouds
558,Pyay,MM,18.8167,95.2167,86.52,63,100,6.69,overcast clouds
559,Pokaran,IN,26.9167,71.9167,87.21,57,0,13.62,clear sky
560,Barcelos,PT,41.5388,-8.6151,62.28,80,0,2.1,clear sky
561,Nouakchott,MR,18.0858,-15.9785,82.33,41,0,15.48,clear sky
562,Coahuayana,MX,18.7333,-103.6833,85.19,65,96,5.59,overcast clouds
563,Kayes,ML,14.0,-11.0,95.54,22,7,4.83,clear sky
564,Morrope,PE,-6.5417,-80.0111,67.78,79,100,14.67,overcast clouds
565,Skaudvile,LT,55.4167,22.6167,50.68,79,12,6.22,few clouds
566,Bridlington,GB,54.0831,-0.1919,59.02,89,46,5.93,scattered clouds
567,Sorland,NO,67.667,12.6934,50.88,84,10,9.84,clear sky
568,Bumba,CD,2.1833,22.4667,70.7,97,100,2.8,overcast clouds
569,Olinda,BR,-8.0089,-34.8553,73.13,88,75,10.98,mist
570,Zastron,ZA,-30.3023,27.084,37.18,33,0,4.14,clear sky
571,Bereda,ES,43.2686,-7.5406,56.91,100,91,4.32,overcast clouds
572,Izhma,RU,65.0083,53.9113,50.11,71,64,8.39,broken clouds
573,Ipixuna,BR,-1.7625,-48.8043,76.95,92,61,2.04,broken clouds
574,Nabire,ID,-3.3667,135.4833,84.51,70,38,3.89,scattered clouds
575,Bulawayo,ZW,-20.15,28.5833,43.25,89,0,12.88,clear sky
576,Kim,TJ,40.208,70.4688,77.38,22,0,1.95,clear sky
577,Tongchuan,CN,35.0806,109.0897,83.25,15,35,5.46,scattered clouds
578,Manakara,MG,-22.1333,48.0167,66.6,89,55,10.65,light rain
579,Mamakan,RU,57.8161,114.0028,71.26,61,73,2.59,broken clouds
580,Gazanjyk,TM,39.2446,55.5154,72.91,49,0,9.89,clear sky
581,Norsup,VU,-16.0667,167.3833,80.96,69,71,4.54,broken clouds
582,Mayumba,GA,-3.432,10.6554,76.08,90,66,3.13,broken clouds
583,Bikin,RU,46.8161,134.26,62.62,61,100,6.76,overcast clouds
584,College,US,64.8569,-147.8028,73.35,31,75,6.91,broken clouds
585,Kununurra,AU,-15.7667,128.7333,76.98,27,9,14.97,clear sky
586,North Battleford,CA,52.7834,-108.2847,62.69,67,1,10.36,clear sky
587,Garissa,KE,-0.4536,39.6401,73.56,83,50,15.59,scattered clouds
588,Fairbanks,US,64.8378,-147.7164,73.6,33,90,6.91,overcast clouds
589,Ostersund,SE,63.1792,14.6357,56.61,67,75,5.75,broken clouds
590,Muncar,ID,-8.4333,114.3333,82.04,76,22,1.79,few clouds
591,Marion,US,39.7684,-86.1555,79.29,62,20,4.9,few clouds
592,Dosso,NE,13.049,3.1937,85.69,48,39,18.28,scattered clouds
593,Yuancheng,CN,36.652,107.7896,76.96,18,100,11.77,overcast clouds
594,Sekoma,BW,-24.4,23.8833,44.4,58,0,9.22,clear sky
595,Santa Cruz,BO,-17.8,-63.1667,71.06,83,75,4.74,broken clouds
596,Port Keats,AU,-14.25,129.55,78.75,27,99,10.18,overcast clouds
597,Dargaville,NZ,-35.9333,173.8833,56.79,93,100,12.28,moderate rain
598,Tsabong,BW,-26.0217,22.401,47.86,48,0,10.78,clear sky
599,Santa Marta,CO,11.2408,-74.199,87.85,66,75,14.03,broken clouds
600,Pergine Valsugana,IT,46.065,11.238,62.44,92,0,2.91,light rain
601,Nong Bua,TH,15.8646,100.5858,83.82,64,99,4.79,overcast clouds
602,Oksovskiy,RU,62.6062,39.8984,56.23,69,2,2.68,clear sky
603,Neyshabur,IR,36.2133,58.7958,79.38,27,0,1.97,clear sky
604,Manzhouli,CN,49.6,117.4333,70.9,35,0,7.16,clear sky
605,Bafq,IR,31.6128,55.4107,85.66,10,0,2.24,clear sky
606,Abu Zabad,SD,12.35,29.25,84.43,47,100,0.78,overcast clouds
607,Balakhta,RU,55.38,91.6,45.48,93,100,10.04,light rain
608,Berlevag,NO,70.8578,29.0864,40.48,85,9,16.6,clear sky
609,Utena,LT,55.5,25.6,53.55,92,59,6.29,broken clouds
610,Chumikan,RU,54.7183,135.315,36.81,98,100,3.58,light rain
611,Keti Bandar,PK,24.1447,67.4497,84.63,69,100,10.22,overcast clouds
612,Margate,GB,51.3813,1.3862,58.75,85,6,1.99,clear sky
613,Ishigaki,JP,24.3448,124.1572,80.73,94,75,14.97,light rain
614,Xining,CN,36.6167,101.7667,64.89,31,100,4.32,overcast clouds
615,Goderich,CA,43.7501,-81.7165,77.32,47,10,13.8,clear sky
616,Arvika,SE,59.6553,12.5852,56.01,65,100,2.42,overcast clouds
617,Juchipila,MX,21.4167,-103.1167,84.15,29,35,5.68,scattered clouds
618,Vallenar,CL,-28.5708,-70.7581,59.16,77,1,2.46,clear sky
619,Chifeng,CN,42.2683,118.9636,70.02,36,1,1.45,clear sky
620,Redlands,US,34.0556,-117.1825,93.52,27,20,5.99,few clouds
621,Rapid Valley,US,44.0625,-103.1463,92.44,35,1,1.99,clear sky
622,Siderno,IT,38.2779,16.302,72.28,57,62,7.92,broken clouds
623,Tromso,NO,69.6496,18.957,41.38,87,0,3.44,clear sky
624,Lazaro Cardenas,MX,17.9583,-102.2,84.69,68,31,6.69,scattered clouds
625,Auka,HN,14.9333,-83.8333,78.19,83,25,4.09,scattered clouds
626,Quatre Cocos,MU,-20.2078,57.7625,68.11,80,54,2.39,broken clouds
627,Vinh,VN,18.6667,105.6667,79.86,88,100,2.93,overcast clouds
628,Kapuskasing,CA,49.4169,-82.4331,60.89,67,20,3.44,few clouds
629,Miramar,US,25.9873,-80.2323,82.42,79,20,13.8,few clouds
630,Sistranda,NO,63.7256,8.834,53.91,87,100,6.42,overcast clouds
631,Kokopo,PG,-4.352,152.2633,85.59,67,12,13.13,few clouds
632,Danjiangkou,CN,32.5428,111.5086,85.39,44,0,3.38,clear sky
633,Broome,US,42.2506,-75.833,73.83,83,6,2.71,clear sky
634,Alice Springs,AU,-23.7,133.8833,60.35,48,0,12.44,clear sky
635,Bogorodskoye,RU,56.55,37.8833,51.31,95,6,4.68,clear sky
636,Tupik,RU,54.4253,119.9327,70.34,46,16,6.71,few clouds
637,Baymak,RU,52.5933,58.3225,47.97,54,69,4.45,broken clouds
638,Atambua,ID,-9.1061,124.8925,80.24,63,24,2.68,few clouds
639,Salta,AR,-24.7859,-65.4117,62.89,72,75,3.0,broken clouds
640,Bayan,CN,46.0833,127.4,61.63,71,92,5.21,overcast clouds
641,Guarapari,BR,-20.6667,-40.4975,71.49,90,1,4.85,clear sky
642,Puerto Escondido,MX,15.85,-97.0667,83.73,74,100,4.27,overcast clouds
643,Sombrerete,MX,23.6333,-103.65,74.57,20,68,9.1,broken clouds
644,Mingyue,CN,43.1069,128.9217,61.57,67,65,9.53,broken clouds
645,Qandala,SO,11.472,49.8728,89.37,54,33,3.83,scattered clouds
646,Kadan,CZ,50.3833,13.2667,62.6,93,100,1.86,overcast clouds
647,Kibiti,TZ,-7.7218,38.9375,65.39,95,17,2.68,few clouds
648,Kuryk,KZ,43.2,51.65,70.74,69,79,16.89,broken clouds
649,Otjimbingwe,NA,-22.35,16.1333,55.44,42,0,10.89,clear sky
650,Nishihara,JP,26.1842,127.7558,83.86,80,75,17.43,broken clouds
651,Sinnamary,GF,5.3833,-52.95,78.46,88,95,9.31,overcast clouds
652,Mangan,IN,27.5167,88.5333,76.14,85,88,0.92,overcast clouds
653,Kalaleh,IR,37.3807,55.4916,68.32,72,1,4.56,clear sky
654,Sibu,MY,2.3,111.8167,80.91,89,20,0.81,few clouds
655,Sibolga,ID,1.7427,98.7792,78.24,61,69,2.93,broken clouds
656,San Ramon De La Nueva Oran,AR,-23.1322,-64.326,75.42,67,100,3.74,overcast clouds
657,Arlit,NE,18.7369,7.3853,88.48,16,0,1.81,clear sky
658,Novobessergenevka,RU,47.1847,38.8462,59.88,84,68,6.98,broken clouds
659,Manga,BF,11.6636,-1.0731,83.57,61,3,7.58,clear sky
660,Valparaiso,CL,-33.0393,-71.6273,58.48,71,100,9.66,overcast clouds
661,Iquitos,PE,-3.7481,-73.2472,75.24,94,75,1.14,broken clouds
662,Kommunisticheskiy,RU,61.6789,64.4819,64.36,51,72,9.31,broken clouds
663,Norwich,GB,52.6278,1.2983,56.46,80,68,3.44,broken clouds
664,Ratnagiri,IN,16.9833,73.3,80.58,78,74,3.09,light rain
665,Khelyulya,RU,61.7333,30.6833,54.01,65,100,2.82,overcast clouds
666,Zholymbet,KZ,51.7433,71.7122,53.69,42,0,3.09,clear sky
667,Port Macquarie,AU,-31.4333,152.9167,63.9,51,0,3.58,clear sky
668,Balta,UA,47.9355,29.6198,55.2,91,100,7.81,overcast clouds
669,Tres Arroyos,AR,-38.3739,-60.2798,44.55,59,0,7.9,clear sky
670,Pangnirtung,CA,66.1451,-65.7125,30.49,96,63,0.83,broken clouds
671,Wajir,KE,1.7471,40.0573,77.09,62,100,15.61,overcast clouds
672,Kamachumu,TZ,-1.6186,31.62,67.15,68,100,8.48,overcast clouds
673,Plouzane,FR,48.3833,-4.6167,57.52,91,90,6.44,overcast clouds
674,Risor,NO,58.7206,9.2342,60.17,73,100,6.46,overcast clouds
675,Duluth,US,46.7833,-92.1066,83.46,78,1,1.01,clear sky
676,Hovd,MN,48.0056,91.6419,48.13,27,8,9.84,clear sky
677,Heihe,CN,50.2441,127.4902,61.38,54,0,6.22,clear sky
678,Poso,ID,-1.3959,120.7524,85.15,63,25,2.44,scattered clouds
679,Bhuj,IN,23.2667,69.6667,82.09,72,0,9.26,clear sky
680,Raudeberg,NO,61.9875,5.1352,57.2,95,100,1.05,light rain
681,Ruidoso,US,33.3317,-105.673,74.7,70,75,19.04,haze
682,Schwedt,DE,53.0596,14.2815,61.57,73,96,5.73,overcast clouds
683,Sal Rei,CV,16.1833,-22.9167,72.16,87,97,20.09,overcast clouds
684,Mindyak,RU,54.0231,58.7891,47.19,62,83,2.13,broken clouds
685,Lahat,ID,-3.8,103.5333,77.88,80,3,0.72,clear sky
686,Yelabuga,RU,55.7613,52.0649,51.35,73,89,4.83,overcast clouds
687,Weihe,CN,32.9952,105.3247,70.66,65,100,3.91,overcast clouds
688,Birao,CF,10.2849,22.7882,73.56,78,100,5.64,overcast clouds
689,Lasa,IT,46.6166,10.7002,58.08,96,100,4.9,overcast clouds
690,Kendari,ID,-3.945,122.4989,82.44,72,33,1.01,scattered clouds
691,Fort Abbas,PK,29.1925,72.8536,88.48,46,30,3.53,scattered clouds
692,Sayville,US,40.7359,-73.0821,88.18,75,75,6.91,broken clouds
693,Eravur,LK,7.7733,81.6095,78.78,78,100,2.95,overcast clouds
694,Wuning,CN,29.2589,120.2311,76.21,68,94,2.26,overcast clouds
695,Udachnyy,RU,66.4167,112.4,48.87,39,53,15.19,broken clouds
696,Rantepao,ID,-2.9701,119.8978,76.17,80,65,2.35,broken clouds
697,Deloraine,AU,-41.5333,146.6667,47.19,97,100,2.35,overcast clouds
698,Talnakh,RU,69.4865,88.3972,31.41,97,100,4.52,light snow
699,Szedres,HU,46.4755,18.6831,59.5,79,44,2.89,scattered clouds
700,Buta,CD,2.7858,24.73,69.19,100,100,2.39,light rain
701,Santarem,BR,-2.4431,-54.7083,77.13,94,0,2.3,clear sky
702,Miyako,JP,39.6367,141.9525,74.57,48,100,8.46,overcast clouds
703,Amot,NO,59.5714,7.9877,50.76,77,89,0.36,overcast clouds
704,Formosa Do Rio Preto,BR,-11.0483,-45.1931,72.81,58,100,2.73,overcast clouds
